{
  "vendor": "Globe Electric",
  "bDetailed": "0",
  "name": "Smart 2-Outlet Outdoor Plug",
  "model": "50151",
  "chip": "BK7231T",
  "board": "onboard",
  "flags": "1024",
  "keywords": [
    "50029",
    "SK509-W-2S-N"
  ],
  "pins": {
    "6": "Rel;1;0",
    "7": "Rel;2;0",
    "10": "LED_n;2;0",
    "24": "Btn;1;2",
    "26": "LED_n;1"
  },
  "command": "",
  "image": "https://obrazki.elektroda.pl/6586379900_1680012287.png",
  "wiki": "https://www.elektroda.com/rtvforum/topic3967911.html"
}


